"Keyword","Impressions","Clicks","CTR","Avg. Position"
"speed test","63530","46","0.07%","7.620492328034"
"wifi speed test","27895","39","0.14%","7.40283353647607"
"internet speed test","10855","7","0.06%","7.3166537540304"
"wifispeed","3596","6","0.17%","7.0433739432703"
"data speed test","3233","1","0.03%","7.49984695329416"
"internet speed","3054","1","0.03%","8.1951643745907"
"run speed test","2623","1","0.04%","7.80861288600839"
"speed test wifi","2279","5","0.22%","7.39051759543659"
"my fiber speed test","1801","3","0.17%","7.35757434758467"
"spped test","1701","0","0%","7.67254597295708"
"fiber speed test","1363","4","0.29%","7.15259867938371"
"wifi test","1287","5","0.39%","6.88811111111111"
"wifi speed check","1028","2","0.19%","7.32977227626459"
"mbps test","987","0","0%","6.13272259371834"
"net speed","951","7","0.74%","6.19557423764459"
"net speed test","929","1","0.11%","6.68246307857912"
"free internet speed test","706","0","0%","8.96458824362606"
"check internet speed","667","3","0.45%","7.14994002998501"
"internet speed check","609","1","0.16%","7.96222807881773"
"test speed","562","0","0%","6.69931459074733"
"internet test","560","2","0.36%","7.05892964285714"
"my internet speed","556","1","0.18%","8.52700053956835"
"speed test internet","552","1","0.18%","6.92391811594203"
"network speed test","447","0","0%","8.28636286353468"
"speed test fast","431","2","0.46%","6.37587378190255"
"test my speed","413","1","0.24%","7.34140920096852"
"wifi speed test online","370","1","0.27%","6.97297324324324"
"speed test online","271","2","0.74%","7.12176383763838"
"internet speed test right now","230","0","0%","6.6696052173913"
"check wifi speed","228","0","0%","7.1228"
"check my internet speed","223","1","0.45%","8.26458744394619"
"speed check","220","0","0%","6.42726818181818"
"net speed test online","204","1","0.49%","6.85294558823529"
"internet speed test free","195","1","0.51%","7.96923128205128"
"my speed test","189","0","0%","6.47618624338624"
"test my internet speed","172","0","0%","7.36628313953488"
"wifi test speed","149","0","0%","7.90604429530201"
"check internet speed test","116","0","0%","7.7068974137931"
"fast.com test","107","0","0%","9.4486046728972"
"my wifi speed","102","0","0%","7.00001764705882"
"speed","94","0","0%","6.53188510638298"
"test wifi speed","92","3","3.26%","7.56519782608696"
"fast.com internet speed test","82","0","0%","7.65855731707317"
"check internet speed test free","73","1","1.37%","8.15068219178082"
"test internet speed","67","1","1.49%","7.17909402985075"
"spedtest","64","0","0%","7.250003125"
"run internet speed test","63","1","1.59%","6.28570634920635"
"internet speed checker","61","0","0%","7.44263278688525"
"test wifi","56","0","0%","7.16073035714286"
"speed tes","54","0","0%","7.55556851851852"
"wifi speed checker","54","0","0%","8.33333148148148"
"free wifi speed test","54","3","5.56%","7.53703518518519"
"my internet speed test","54","0","0%","5.22222592592593"
"wifi checker","52","0","0%","8.69231346153846"
"test speed internet","50","0","0%","5.559992"
"speed test\","50","0","0%","8.3"
"bandwidth test","43","0","0%","6.81394651162791"
"speet test","43","0","0%","6.25582325581395"
"speetest","41","0","0%","7.68292926829268"
"speeed test","40","0","0%","8.69999"
"internet spped test","40","0","0%","7.5749925"
"speed tester","37","0","0%","7.2161972972973"
"internet connection speed test","32","0","0%","8.50001875"
"online speed test","31","0","0%","6.61290322580645"
"check my speed","31","0","0%","8.6774064516129"
"speed test'","30","0","0%","9.46666"
"wifi speed test free","30","0","0%","8.93333333333333"
"spped onile test","30","0","0%","9"
"fast internet speed test","30","0","0%","6.16665333333333"
"speed test run","28","1","3.57%","6.49998214285714"
"test internet","27","0","0%","6.66666296296296"
"check wifi speed test free","26","0","0%","8.80769615384615"
"fiber test","26","0","0%","7.53846923076923"
"online net speed test","24","0","0%","6.87499166666667"
"internet test speed","24","0","0%","7.4166625"
"test speed wifi","23","0","0%","6.82606086956522"
"speeds test","22","0","0%","4.99999090909091"
"speed tst","21","0","0%","6.71426666666667"
"speed tets","21","0","0%","6.6667"
"internet speed test fast","21","0","0%","7.19049523809524"
"check network speed","20","0","0%","7.799975"
"test my current internet speed","19","1","5.26%","9.05263157894737"
"speedtest.net free","18","0","0%","8.77777777777778"
"fast.com","18","0","0%","9.3333"
"fast speed test","17","0","0%","9.35296470588235"
"internet spped","16","0","0%","7.5625"
"fast.com speed","16","0","0%","9.5"
"speed testt","16","0","0%","5.62498125"
"broadband speed test","15","1","6.67%","6"
"wificheck","15","0","0%","14.2"
"++speed tast","15","0","0%","6"
"internet speed checker free","15","1","6.67%","8.19999333333333"
"speed test net","15","0","0%","5.2667"
"fast.com speed test wifi","14","0","0%","8.92854285714286"
"speed onile test","13","0","0%","7"
"speed of my internet","13","0","0%","8"
"test network speed","13","0","0%","8.3846"
"test my internat spped","13","0","0%","8"
"internet speed teat","13","0","0%","7.0769"
"wifi network speed test","12","0","0%","7"
"run speed test internet","12","0","0%","7.6667"
"run test speed","12","0","0%","7.6667"
"free speed online test","12","0","0%","7"
"speed test my fiber","12","0","0%","5.25"
"wifi mbps speed test","11","0","0%","6.1818"
"sperdtest","11","0","0%","7.9091"
"network speed","11","0","0%","8.7273"
"speed test wifi free","11","0","0%","8.36363636363636"
"mbs test wifi","11","0","0%","5.7273"
"net speed test fast","10","0","0%","7.5"
"speddtest","10","0","0%","7.99999"
"test speed internet wifi free","10","0","0%","5.30001"
"internet speed test in mbps","10","0","0%","6.8"
"run an internet speed test","10","0","0%","7.3"
"check speed","10","0","0%","3.8"
"speed checker","10","0","0%","6.10002"
"speed tset","9","0","0%","8.1111"
"what is my internet speed","9","0","0%","3.8889"
"www.speedtest.net free","9","0","0%","7.66666666666667"
"wifi speed tester","9","0","0%","5.4444"
"speed te","9","0","0%","6.6667"
"wifi strength test","8","1","12.5%","7.75"
"speed wifi","8","0","0%","3.125"
"test my internet speed free","8","0","0%","9.375025"
"wifi tester speed free","8","1","12.5%","7.625"
"bb speed test","7","0","0%","9"
"check my current internet speed","7","0","0%","7.8571"
"speed teast","7","0","0%","5.4286"
"speed online","6","1","16.67%","7"
"speestest","6","0","0%","7.1667"
"internet speed test tool","5","1","20%","8.2"
"test my speed broadband","5","0","0%","13"
"wifi signal strength test","5","2","40%","4.4"
"signal test speed","5","0","0%","8.99998"
"free internet speed test google","5","0","0%","8"
"wif speed test","5","0","0%","8.2"
"wifi speed test online free","5","0","0%","8.39998"
"check internet","5","0","0%","7.6"
"speed test wifi signal strength","5","0","0%","7.4"
"test wifi speed test","5","2","40%","5.4"
"which wifi speed test free to use","5","0","0%","7"
"speed boost test","5","0","0%","3.6"
"speedtwst","4","0","0%","3.5"
"online internet speed test","4","1","25%","6.75"
"what is my speed","4","0","0%","4.5"
"wifi speed test online free mbps","4","0","0%","12.75"
"speed test internet connection free download","4","0","0%","6.75"
"test my internet speed conexon free","4","0","0%","10"
"speed test free","4","1","25%","6"
"speed test india","4","1","25%","6.5"
"free internet signal strength test","4","0","0%","7.25"
"check wifi speed test","3","0","0%","8"
"internet strength test free","3","0","0%","8.66666666666667"
"online wifi speed test","3","1","33.33%","6.3333"
"speed test in india","3","1","33.33%","6"
"data speed checker","3","0","0%","7.3333"
"wi speed test","3","1","33.33%","5"
"internet speed test bing free","3","0","0%","8.3333"
"wifi checker speed","3","0","0%","9.66666666666667"
"internet speed test boost","3","1","33.33%","5.66666666666667"
"mumbai speed test","3","0","0%","1.6667"
"internet speed test online free","3","2","66.67%","5.66666666666667"
"accurate speed test and latency","3","0","0%","8"
"wify speed test","3","0","0%","6.6667"
"internet check","3","0","0%","7"
"six milk wifi test","3","2","66.67%","3"
"test my speed wifi","3","0","0%","13.3333333333333"
"live internet speed test","2","0","0%","8"
"wi fi test signal free","2","0","0%","6"
"speed test my wifi","2","0","0%","8.5"
"how to check the internet speed","2","1","50%","3"
"test my speed internet","2","0","0%","11.5"
"wifi speed measurer online calculator","2","0","0%","5"
"wifi speed measurer calculator online","2","0","0%","17.5"
"speed test by ookla online + | type site:sk","2","0","0%","2"
"speed checked","2","0","0%","10"
"wifi speed measurer calculator 3","2","0","0%","27"
"1mint test internet speed","2","1","50%","8"
"wifi net speed test","2","1","50%","8.5"
"data speed test online","2","0","0%","8"
"wi fi test for speed","2","1","50%","8"
"test internet speeds free","2","0","0%","8"
"wifi speed measure performance","2","0","0%","31.5"
"speeduptest","2","0","0%","7"
"internet strength test","2","0","0%","6.5"
"speedtesetwifdi","2","0","0%","8"
"boost wifi check","2","0","0%","6"
"how fast is boost mobile internet speed 2025 speed test","2","0","0%","10"
"speed test tool","2","1","50%","7"
"free internet speed check internet speed test","2","0","0%","10"
"wifi boost tester","2","0","0%","7"
"speed test internet speed test free","2","0","0%","7"
"internet speed diagnostic test","2","0","0%","9"
"free internet speed check test","2","1","50%","5"
"internet speed guides free","2","0","0%","10"
"run internet test","2","0","0%","10"
"my internet speed check","2","0","0%","4"
"speam ka tesst karwana hai","2","0","0%","7"
"original wifi speed test","2","1","50%","10"
"wifi spid tast","2","0","0%","9"
"free wifi test","2","0","0%","9"
"wifi strength test online","2","0","0%","8"
"speed test in mbps","2","1","50%","5.5"
"spped onlen testspeed test","2","1","50%","9"
"internet tester free","2","0","0%","8.5"
"run wifi speed","2","2","100%","7"
"boost cell phone speed test","2","0","0%","9"
"wifi speed test online free download","2","0","0%","18.5"
"wifi speed test accurate","2","0","0%","7.5"
"wifi speed chcker","2","0","0%","10"
"speed testbskskfshjdmsndbskenksnldnks","2","0","0%","6"
"intern connection india speed tes","2","0","0%","9"
"wiffi speed test","2","0","0%","8"
"speed test of main internet connection","2","2","100%","7"
"boost mobile speed test","2","0","0%","9.5"
"free internet test","2","0","0%","8"
"free wifi speed test online","2","0","0%","8"
"test my wifi speeds","2","0","0%","8"
"fast internet speed checker","2","0","0%","7.5"
"wifi speed boost and test","2","0","0%","4"
"wifi connection test free","2","0","0%","10"
"free onternet speed test","1","0","0%","10"
"check my internet speed free","1","0","0%","10"
"wifi test free","1","0","0%","9"
"هسثق جغستثفطاخنسطثفنلاطشسثفنغ|شصثقهطفغخ6فههيهيهتعهعتاتابل78ةدطتحجتعهغهحت0خلح8خمخم7ذقيتى7غ7غ7غ7غ7غ7غغام4قبفث\خم","1","0","0%","8"
"internet speed test "real"","1","0","0%","9"
"broadband speed checker free online","1","0","0%","26"
"internet 5g speed test free","1","1","100%","6"
"speet","1","0","0%","9"
"wifi speed measurer online","1","0","0%","15"
"check broadband speed test","1","1","100%","4"
"wifi peed check","1","1","100%","7"
"speed test check","1","1","100%","7"
"wifi signal speed checker free","1","0","0%","8"
"checker my internet speed","1","1","100%","10"
"how to check booster speed","1","0","0%","8"
"fast.com internet speed test india","1","0","0%","8"
"wifi speed measurer online performance","1","0","0%","10"
"broadband speed checker","1","0","0%","7"
"test signal strength internet","1","0","0%","10"
"free wifi speet test","1","0","0%","9"
"check wifi speed%c2%a0","1","1","100%","6"
"wifi speed measurer","1","0","0%","4"
"free internet check speed","1","0","0%","10"
"network speed test online free","1","1","100%","6"
"net wifi speed download","1","2","200%","10"
"wif test","1","0","0%","10"
"wifi connection test speed free","1","0","0%","10"
"boost mobile check my internet speed","1","0","0%","8"
"test boost internet","1","0","0%","5"
"all beauty fragrance","1","0","0%","5"
"test wife speed","1","0","0%","10"
"speed test internet free no download","1","0","0%","8"
"test internet speed with current wifi connection","1","0","0%","9"
"free wireless speed test","1","0","0%","2"
"wifi speed checker free","1","1","100%","9"
"check my internet speed checker free download","1","0","0%","8"
"internet speed check india","1","0","0%","3"
"wife speed test","1","0","0%","9"
"intern connection india speed test online free no si","1","0","0%","9"
"internet speed test ri","1","0","0%","10"
"intern connection india speed test onli","1","0","0%","6"
"speed test fiber internet connection","1","0","0%","9"
"bt free broadband speed test free instant results online","1","0","0%","6"
"test","1","0","0%","8"
"同城聚会","1","0","0%","8"
"check wifi signal strength online","1","1","100%","27"
"swiftcom fibre network test speed check free","1","0","0%","4"
"check jio speed test","1","0","0%","9"
"speedtest,bet","1","1","100%","5"
"wi-fi speed test","1","0","0%","9"
"wifi booster tester","1","0","0%","9"
"cachyxl0f8*qgbbtet site:nextdoor.com/pages/","1","0","0%","6"
"international test internet speed","1","0","0%","10"
"free speed test internet speed","1","0","0%","19"
"speed test and wifi analyzer","1","0","0%","9"
"free wi-fi speed check","1","0","0%","8"
"wifi tst","1","0","0%","6"
"nnlhgjwz com tv","1","0","0%","10"
"test speed internet wifi box","1","0","0%","8"
"speed test accurate","1","0","0%","10"
"test wifi free","1","0","0%","7"
"test my broadband speed free google","1","0","0%","10"
"https://www.google.com/search?q=internet+speed+test&oq=in&gs_lcrp=egzjahjvbwuqbggbeeuyozigcaaqrrg5mgyiarbfgdsybwgceaayjwiybwgdeaayjwiybwgeeaayjwiybggfe","1","0","0%","10"
"test internet strength and speed","1","0","0%","10"
"internet speed chexker inline","1","0","0%","5"
"free internet tester","1","0","0%","8"
"ca soeedtest check wifi signal strength","1","0","0%","8"
"how can i test my 5g speed","1","0","0%","5"
"vi internet speed test free","1","0","0%","10"
"est your broadband speed test with our free and accurate broadband speed checker. dedicated to testing broadband speeds across india.","1","0","0%","4"
"wifi tester accurate","1","0","0%","10"
"google wifi speed test free","1","0","0%","1"
"wifi speed measure online related:speedtestgroup.com","1","0","0%","10"
"speed tests internet free","1","1","100%","5"
"wifi tester","1","0","0%","10"
"intrenet speed ceehker","1","0","0%","10"
"intern connection india speed test online free no sign up","1","0","0%","9"
"wifi speed test to see if my wifi is fast","1","0","0%","14"
"wifi speed teswifi speed test#N##N#wifi speed test","1","0","0%","6"
"internet speed test free online","1","1","100%","3"
"internet speed ter","1","0","0%","8"
"boost mobile check my internet speed test free online","1","0","0%","5"
"broadband speed checker mumbai","1","0","0%","2"
"mobile speed test free","1","0","0%","8"
"wei-fi speed test","1","0","0%","7"
"wi-fi run speed test","1","0","0%","7"
"speed checker broadband speed test","1","0","0%","8"
"sped test wifi","1","0","0%","6"
"fre internet test","1","0","0%","10"
"wifi spees","1","0","0%","8"
"internet speed test google free","1","0","0%","9"
"test your internet speed booster","1","0","0%","3"
"speed test for wifi signal","1","0","0%","7"
"wifi strength test free","1","0","0%","8"
"wifi spped tester","1","0","0%","10"
"accurate internet speed test","1","0","0%","9"
"wfifi speed test","1","0","0%","7"
"ping internet speed test free","1","0","0%","10"
"fre test apeed internet","1","0","0%","5"
"test speed internet connection online free","1","0","0%","9"
"thotai","1","0","0%","8"
"device internet speed test","1","0","0%","8"
"ee 5g speed test / php?upgrade_checker=","1","0","0%","6"
"wifi speed measurer calculator internet","1","0","0%","34"
"network check test","1","1","100%","10"
"test my internet speed free no download","1","0","0%","9"
"wifi signal strength test online","1","0","0%","9"
"oil+field+equipmenst+%c2%a0industrial+suppliers+company+france","1","0","0%","8"
"my wifi speed test online","1","0","0%","10"
"pisn","1","0","0%","7"
"speed test upload and downloads free and fast so that i could test my wifi speed in no time whatsoever","1","1","100%","4"
"test 5g network speed","1","0","0%","1"
"wifi speed test english","1","0","0%","10"
"online wifi signal strength test","1","0","0%","6"
"free internet signal test","1","0","0%","8"
"run wifi speed test","1","0","0%","27"
"test speed booster","1","1","100%","6"
"wif seed test","1","0","0%","9"
"bottleneck network internet wifi connection speed test online free","1","1","100%","8"
"wwifi speed test","1","0","0%","10"
"wifi speed test online free mbps download","1","0","0%","5"
"wifi apeed teat","1","0","0%","8"
"wifi speed measurer calculator online free","1","0","0%","3"
"test my wifi speed test","1","0","0%","9"
"wifi speed measure online speedtestgroup.com","1","0","0%","5"
"wifi speed tedt","1","0","0%","10"
"+spest test","1","0","0%","10"
"wifi speed measure online custom","1","0","0%","2"
"wif speed","1","0","0%","10"
"internet speed test duckduck free","1","0","0%","8"
"speed internet test free wifi","1","1","100%","7"
"internet speed test 0","1","0","0%","7"
"internet fiber speed test free","1","0","0%","7"
"speed test real time wifi","1","1","100%","7"
"free check my internet","1","0","0%","9"
"free internet speed check","1","0","0%","10"
"free wifi signal strength test","1","0","0%","8"
"server test free bandwidth","1","0","0%","9"
"wifi strength test online free","1","0","0%","8"
"speed test full at my current location","1","1","100%","6"
"check internet speed test free no download","1","0","0%","10"
"how do i find my broadband speed india","1","0","0%","7"
"马丁靴增高效果","1","0","0%","7"
"boost speedtest","1","0","0%","3"
"speed on wifi","1","0","0%","7"
"network speed test free","1","0","0%","8"
"speed test boost","1","1","100%","4"
"free network performance test internet connection","1","0","0%","9"
"internet speed test onlione free","1","1","100%","6"
"wifibtest","1","0","0%","7"
"test google booster wifi speed","1","0","0%","9"
"wifi speed boost test","1","0","0%","3"
"how do you check wifi speed test free","1","0","0%","10"
"wifi booster test","1","0","0%","47"
"speedtest net speed test","1","1","100%","4"
"wifi signal test","1","0","0%","10"
"+internet speed test chek password","1","0","0%","7"
"google inteninternet speed test free internet","1","0","0%","8"
"freeonlinewifitest","1","0","0%","4"
"wifispeetest","1","0","0%","6"
"wifi speed checker tool free","1","0","0%","8"
